{"x": [20000.0, 23.0, 3500.0, 4000.0, 2000.0, 122.0, 91.0, 15.0, 600.0, 91.0, 6.0, 800.0, 800.0, 17.0, 20000.0, 55.0, 50000.0, 14000.0, 4.4, 4.4, 4.4, 10.4, 10.4, 10.4, 100.0, 110.0, 500.0, 8.0, 8.0, 25.0, 13000.0, 18000.0, 4.0, 5.0, 16.4, 290.0, 8.0, 3.0, 1000.0, 32000.0, 11.0, 20.0, 40.0, 16.0, 43.0, 20000.0, 6.4, 10000.0, 3200.0, 5.3, 10.7, 25.0, 50.0, 490.0, 700.0, 43400.0, 30.0, 538.0, 700.0, 37.0, 105.0, 200.0, 79.2, 4.6, 100000.0], "y": [30.5, 5.2, 6.0, 460.0, 170.0, 15.0, 20.0, 3.0, 45.0, 11.6, 11.0, 15.0, 12.0, 2.0, 91.0, 38.1, 140.0, 30.5, 0.1, 0.01, 0.2, 0.3, 0.04, 0.7, 6.7, 10.0, 58.0, 3.1, 1.0, 1.6, 30.5, 30.5, 0.06, 0.01, 2.74, 41.0, 0.5, 0.03, 21.3, 21.5, 5.0, 2.0, 8.0, 4.0, 11.0, 910.0, 15.2, 61.0, 61.0, 0.3, 0.46, 11.0, 25.0, 6.7, 7.6, 91.4, 12.5, 134.0, 182.0, 131.0, 208.0, 234.0, 15.2, 0.55, 22800.0], "logx": [4.301029995663981, 1.3617278360175928, 3.5440680443502757, 3.6020599913279625, 3.3010299956639813, 2.0863598306747484, 1.9590413923210936, 1.1760912590556813, 2.7781512503836434, 1.9590413923210936, 0.7781512503836436, 2.9030899869919438, 2.9030899869919438, 1.2304489213782739, 4.301029995663981, 1.7403626894942439, 4.698970004336019, 4.146128035678238, 0.6434526764861874, 0.6434526764861874, 0.6434526764861874, 1.0170333392987803, 1.0170333392987803, 1.0170333392987803, 2.0, 2.041392685158225, 2.6989700043360187, 0.9030899869919435, 0.9030899869919435, 1.3979400086720377, 4.113943352306837, 4.2552725051033065, 0.6020599913279624, 0.6989700043360189, 1.2148438480476977, 2.462397997898956, 0.9030899869919435, 0.47712125471966244, 3.0, 4.505149978319906, 1.0413926851582251, 1.3010299956639813, 1.6020599913279623, 1.2041199826559248, 1.6334684555795864, 4.301029995663981, 0.8061799739838872, 4.0, 3.505149978319906, 0.724275869600789, 1.0293837776852097, 1.3979400086720377, 1.6989700043360187, 2.690196080028514, 2.845098040014257, 4.63748972951251, 1.4771212547196624, 2.7307822756663893, 2.845098040014257, 1.568201724066995, 2.0211892990699383, 2.3010299956639813, 1.8987251815894934, 0.6627578316815741, 5.0], "logy": [1.4842998393467859, 0.7160033436347992, 0.7781512503836436, 2.662757831681574, 2.230448921378274, 1.1760912590556813, 1.3010299956639813, 0.47712125471966244, 1.6532125137753437, 1.0644579892269184, 1.0413926851582251, 1.1760912590556813, 1.0791812460476249, 0.3010299956639812, 1.9590413923210936, 1.5809249756756194, 2.146128035678238, 1.4842998393467859, -1.0, -2.0, -0.6989700043360187, -0.5228787452803376, -1.3979400086720375, -0.1549019599857432, 0.8260748027008264, 1.0, 1.7634279935629373, 0.4913616938342727, 0.0, 0.2041199826559248, 1.4842998393467859, 1.4842998393467859, -1.2218487496163564, -2.0, 0.437750562820388, 1.6127838567197355, -0.3010299956639812, -1.5228787452803376, 1.3283796034387378, 1.3324384599156054, 0.6989700043360189, 0.3010299956639812, 0.9030899869919435, 0.6020599913279624, 1.0413926851582251, 2.9590413923210934, 1.1818435879447726, 1.7853298350107671, 1.7853298350107671, -0.5228787452803376, -0.3372421683184259, 1.0413926851582251, 1.3979400086720377, 0.8260748027008264, 0.8808135922807914, 1.9609461957338314, 1.0969100130080565, 2.1271047983648077, 2.2600713879850747, 2.1172712956557644, 2.3180633349627615, 2.369215857410143, 1.1818435879447726, -0.2596373105057561, 4.357934847000454], "para_logx_logy": {"trial_1": [8.744233, 1.539365, 0.2549131, 6.649256], "trial_2": [3.990491, 3.967037, 0.7149837, 2.482536], "trial_3": [7.862025, 1.83752, 0.3196714, 6.031793], "trial_4": [8.291682, 1.392986, 0.157778, 6.360327], "trial_5": [8.443776, 1.48351, 0.1168756, 6.52868], "trial_6": [3.701695, 2.273391, 0.963925, 1.878571], "trial_7": [9.755037, 1.48324, -0.05470903, 7.927853], "trial_8": [8.886259, 1.759704, 0.2117082, 6.919602], "trial_9": [7.223848, 2.07239, 0.3948656, 5.54563], "trial_10": [9.762973, 1.069427, -0.2058706, 7.667819]}, "obfv_logx_logy": {"trial1": 0.6874236484834007, "trial2": 0.7558383669113063, "trial3": 0.6773058140082976, "trial4": 0.6746444161437474, "trial5": 0.6765458111075501, "trial6": 0.6852570561574867, "trial7": 0.6778641623526939, "trial8": 0.689076933012788, "trial9": 0.6853578431938667, "trial10": 0.6806325983803693}, "para_x_y": {"trial_1": [12.59919, 0.3608166, 0.5026728, 6.563022], "trial_2": [8.339489, 0.302557, 0.5678185, 2.811952], "trial_3": [6.274779, 0.7019326, 1.234081, 2.255139], "trial_4": [12.23086, 3.230094, 0.203081, 9.324261], "trial_5": [8.258779, 0.5081287, 0.4483171, 3.982835], "trial_6": [5.707151, 0.6419814, 0.7785472, 1.740706], "trial_7": [7.086115, 0.3499686, -1.976553, 3.090652], "trial_8": [8.499911, 3.445159, 1.486597, 5.414232], "trial_9": [10.62494, 0.8498434, 1.809506, 6.021583], "trial_10": [8.033556, 0.3758766, 0.2620569, 3.022116]}, "obfv_x_y": {"trial1": 2182.0214787836853, "trial2": 2427.102817572632, "trial3": 2510.9121089680257, "trial4": 2781.5026712136932, "trial5": 2511.334219809785, "trial6": 2566.049886335065, "trial7": 2631.6773537611703, "trial8": 2747.586569646268, "trial9": 2190.0741721828435, "trial10": 2487.1678333351497}}